Solvent 1 (S1),S1 Weight %,Solvent 2 (S2),S2 Weight %,Salt 1,Salt1 Molality (mol salt/kg polymer),Temperature (K),Conductivity_test,Conductivity_pred,error
DMC,0.653864667,EC,0.326932333,LiTDI,0.101961343,313.25301205,1.009867,1.035672696446825,0.025553559475480388
DMC,0.664106267,EC,0.332053133,LiTDI,0.020077787,323.26820604,0.520497,0.3296748938217702,0.3666151892868351
DMC,0.641062667,EC,0.320531333,LiTDI,0.207995016,313.25301205,1.842716,1.5912171537041995,0.13648269526926587
DMC,0.653864667,EC,0.326932333,LiTDI,0.101961343,323.41181696999996,1.1558460000000002,1.258175582865507,0.08853219448395967
