Solvent 1 (S1),S1 Weight %,Solvent 2 (S2),S2 Weight %,Salt 1,Salt1 Molality (mol salt/kg polymer),Temperature (K),Conductivity_test,Conductivity_pred,error
PEGDM-2500,0.605403983,,,LiTFSI,2.27014756,338.15,0.808,0.7974876936102493,0.013010280185335097
PEGDM-2500,0.754207651,,,LiTFSI,1.13507378,328.15,0.598,0.5409716014385823,0.09536521498564837
PEGDM-2500,0.754207651,,,LiTFSI,1.13507378,343.15,1.08,1.0182456681683825,0.05717993688112741
PEGDM-2500,0.605403983,,,LiTFSI,2.27014756,353.15,1.4400000000000002,1.4478754288727413,0.005469047828292482
PEGDM-2500,0.754207651,,,LiTFSI,1.13507378,318.15,0.37,0.34329414117672363,0.07217799681966584
