Solvent 1 (S1),S1 Weight %,Solvent 2 (S2),S2 Weight %,Salt 1,Salt1 Molality (mol salt/kg polymer),Temperature (K),Conductivity_test,Conductivity_pred,error
PEGDM-1000,0.605403983,,,LiTFSI,2.27014756,338.15,1.35,1.30042734092603,0.03672048820294075
PEGDM-1000,0.754207651,,,LiTFSI,1.13507378,323.15,0.7060000000000001,0.6223091095819527,0.11854233770261662
PEGDM-1000,0.754207651,,,LiTFSI,1.13507378,338.15,1.22,1.0279091408399461,0.1574515239016835
PEGDM-1000,0.605403983,,,LiTFSI,2.27014756,353.15,2.0799999999999996,2.210403641086907,0.06269405821485934
PEGDM-1000,0.754207651,,,LiTFSI,1.13507378,313.15,0.465,0.4251414618286088,0.08571728639008867
