Solvent 1 (S1),S1 Weight %,Solvent 2 (S2),S2 Weight %,Salt 1,Salt1 Molality (mol salt/kg polymer),Temperature (K),Conductivity_test,Conductivity_pred,error
EC,0.624536382,PC,0.231675962,LiPF6,1.104976773,243.14999999999998,0.71,1.377467664652686,0.9400953023277269
EC,0.258429666,PC,0.543241905,LiPF6,1.627801789,263.15,1.9,1.8618474669479355,0.020080280553718133
EC,0.258429666,PC,0.543241905,LiPF6,1.627801789,233.14999999999998,0.21000000000000002,0.5147934262330995,1.4513972677766642
EC,0.624536382,PC,0.231675962,LiPF6,1.104976773,213.14999999999998,0.01,0.2605304425820507,25.05304425820507
EC,0.258429666,PC,0.543241905,LiPF6,1.627801789,293.15,5.64,4.877637590815787,0.13517063992627878
