Solvent 1 (S1),S1 Weight %,Solvent 2 (S2),S2 Weight %,Salt 1,Salt1 Molality (mol salt/kg polymer),Temperature (K),Conductivity_test,Conductivity_pred,error
PEGDME,0.5,,,TPSB-,1.228679857,423.15,0.0187,0.017510409494156554,0.06361446555312554
PEGDME,0.5,,,TPSB-,1.228679857,353.15,0.0121,0.010144228583360488,0.16163400137516623
PEGDME,0.5,,,TPSB-,1.228679857,343.15,0.00974,0.009214144377923178,0.05398928358078262
