Solvent 1 (S1),S1 Weight %,Solvent 2 (S2),S2 Weight %,Salt 1,Salt1 Molality (mol salt/kg polymer),Temperature (K),Conductivity_test,Conductivity_pred,error
EC,0.624536382,PC,0.231675962,LiPF6,1.104976773,243.14999999999998,0.71,1.4401066059338343,1.0283191632870907
EC,0.258429666,PC,0.543241905,LiPF6,1.627801789,263.15,1.9,2.3782281707189643,0.25169903722050757
EC,0.258429666,PC,0.543241905,LiPF6,1.627801789,233.14999999999998,0.21000000000000002,0.8708426598714712,3.146869808911767
EC,0.624536382,PC,0.231675962,LiPF6,1.104976773,213.14999999999998,0.01,0.43841492474175225,42.841492474175226
EC,0.258429666,PC,0.543241905,LiPF6,1.627801789,293.15,5.64,5.287684322567276,0.06246731869374541
