Solvent 1 (S1),S1 Weight %,Solvent 2 (S2),S2 Weight %,Salt 1,Salt1 Molality (mol salt/kg polymer),Temperature (K),Conductivity_test,Conductivity_pred,error
PEGDM-400,0.605403983,,,LiTFSI,2.27014756,338.15,2.87,2.8461143557483735,0.008322524129486636
PEGDM-400,0.754207651,,,LiTFSI,1.13507378,328.15,2.3600000000000003,2.2160368205100713,0.06100134724149532
PEGDM-400,0.754207651,,,LiTFSI,1.13507378,343.15,3.54,3.489695487211504,0.014210314347032835
PEGDM-400,0.605403983,,,LiTFSI,2.27014756,353.15,4.37,4.361802380483919,0.0018758854727874397
PEGDM-400,0.754207651,,,LiTFSI,1.13507378,318.15,1.73,1.596815258999299,0.07698539942237051
