Solvent 1 (S1),S1 Weight %,Solvent 2 (S2),S2 Weight %,Salt 1,Salt1 Molality (mol salt/kg polymer),Temperature (K),Conductivity_test,Conductivity_pred,error
PEGDM-2500,0.605403983,,,LiTFSI,2.27014756,338.15,0.808,0.793139853125969,0.018391270883701773
PEGDM-2500,0.754207651,,,LiTFSI,1.13507378,328.15,0.598,0.6917321732187888,0.15674276457991437
PEGDM-2500,0.754207651,,,LiTFSI,1.13507378,343.15,1.08,1.0742858511844775,0.005290878532891266
PEGDM-2500,0.605403983,,,LiTFSI,2.27014756,353.15,1.4400000000000002,1.6368693744819383,0.13671484339023476
PEGDM-2500,0.754207651,,,LiTFSI,1.13507378,318.15,0.37,0.4409906348468214,0.19186658066708484
