Solvent 1 (S1),S1 Weight %,Solvent 2 (S2),S2 Weight %,Salt 1,Salt1 Molality (mol salt/kg polymer),Temperature (K),Conductivity_test,Conductivity_pred,error
EC,0.624536382,PC,0.231675962,LiPF6,1.104976773,243.14999999999998,0.71,0.5765710344420806,0.1879281205041118
EC,0.258429666,PC,0.543241905,LiPF6,1.627801789,263.15,1.9,1.5665949632160339,0.17547633514945582
EC,0.258429666,PC,0.543241905,LiPF6,1.627801789,233.14999999999998,0.21000000000000002,0.02856716707689613,0.8639658710623994
EC,0.624536382,PC,0.231675962,LiPF6,1.104976773,213.14999999999998,0.01,-0.1257684243342345,13.57684243342345
EC,0.258429666,PC,0.543241905,LiPF6,1.627801789,293.15,5.64,5.248596512809091,0.06939778141682774
