Solvent 1 (S1),S1 Weight %,Solvent 2 (S2),S2 Weight %,Salt 1,Salt1 Molality (mol salt/kg polymer),Temperature (K),Conductivity_test,Conductivity_pred,error
PEGDM-1000,0.605403983,,,LiTFSI,2.27014756,338.15,1.35,1.2298207756928317,0.08902164763493957
PEGDM-1000,0.754207651,,,LiTFSI,1.13507378,323.15,0.7060000000000001,0.8912007735040678,0.26232404179046415
PEGDM-1000,0.754207651,,,LiTFSI,1.13507378,338.15,1.22,1.0602746730287782,0.13092239915673917
PEGDM-1000,0.605403983,,,LiTFSI,2.27014756,353.15,2.0799999999999996,1.6542926098118877,0.20466701451351535
PEGDM-1000,0.754207651,,,LiTFSI,1.13507378,313.15,0.465,0.7853959680768593,0.6890235872620629
