Solvent 1 (S1),S1 Weight %,Solvent 2 (S2),S2 Weight %,Salt 1,Salt1 Molality (mol salt/kg polymer),Temperature (K),Conductivity_test,Conductivity_pred,error
PEGDM-400,0.605403983,,,LiTFSI,2.27014756,338.15,2.87,2.844325175543804,0.008945931866270445
PEGDM-400,0.754207651,,,LiTFSI,1.13507378,328.15,2.3600000000000003,2.213437624228295,0.06210270159818015
PEGDM-400,0.754207651,,,LiTFSI,1.13507378,343.15,3.54,3.4874329721236785,0.014849442902915679
PEGDM-400,0.605403983,,,LiTFSI,2.27014756,353.15,4.37,4.366702341282582,0.00075461297881425
PEGDM-400,0.754207651,,,LiTFSI,1.13507378,318.15,1.73,1.5962411839013877,0.07731723473908225
