Solvent 1 (S1),S1 Weight %,Solvent 2 (S2),S2 Weight %,Salt 1,Salt1 Molality (mol salt/kg polymer),Temperature (K),Conductivity_test,Conductivity_pred,error
PEGDME,0.994288122,,,LiTDI,0.029897843,295.04616999999996,0.0195,0.012868558658765572,0.34007391493509886
PEGDME,0.994288122,,,LiTDI,0.029897843,333.31111,0.0513,0.04625717542082387,0.09830067405801414
PEGDME,0.98235865,,,LiTDI,0.093461975,333.14455,0.14300000000000002,0.14766980758289341,0.032655997083170615
PEGDME,0.994288122,,,LiTDI,0.029897843,322.93483,0.0401,0.033691190856499596,0.15982067689527185
PEGDME,0.98235865,,,LiTDI,0.093461975,295.15939,0.0494,0.04146113012184151,0.16070586797891684
