Solvent 1 (S1),S1 Weight %,Solvent 2 (S2),S2 Weight %,Salt 1,Salt1 Molality (mol salt/kg polymer),Temperature (K),Conductivity_test,Conductivity_pred,error
EC,0.196849997,PC,0.413796021,LiAsF6,3.255603565,313.15,4.22,3.2277743712246143,0.23512455658184492
EC,0.244436077,PC,0.51382615,LiAsF6,1.627801788,333.15,12.73,12.738731438308218,0.0006858946039448013
EC,0.658197475,PC,0.24416277,LiAsF6,0.55248839,353.15,14.52,14.857464754871154,0.02324137430242112
EC,0.278042801,PC,0.584470441,LiAsF6,0.813900891,353.15,13.379999999999999,17.17722842619431,0.2837988360384389
EC,0.658197475,PC,0.24416277,LiAsF6,0.55248839,313.15,8.24,7.610074076828411,0.07644732077325109
EC,0.196849997,PC,0.413796021,LiAsF6,3.255603565,333.15,7.779999999999999,7.043010193996897,0.09472876683844499
EC,0.729446912,PC,0.115968526,LiAsF6,0.933624786,333.15,14.43,13.29803669282894,0.07844513563209003
