Solvent 1 (S1),S1 Weight %,Solvent 2 (S2),S2 Weight %,Salt 1,Salt1 Molality (mol salt/kg polymer),Temperature (K),Conductivity_test,Conductivity_pred,error
EC,0.258429666,PC,0.543241905,LiPF6,1.627801789,353.15,16.88,17.448961570995635,0.03370625420590263
EC,0.624536382,PC,0.231675962,LiPF6,1.104976773,353.15,19.349999999999998,20.014603361191064,0.03434642693493881
