Solvent 1 (S1),S1 Weight %,Solvent 2 (S2),S2 Weight %,Salt 1,Salt1 Molality (mol salt/kg polymer),Temperature (K),Conductivity_test,Conductivity_pred,error
PEGDM-2500,0.605403983,,,LiTFSI,2.27014756,338.15,0.808,0.7974829445440993,0.013016157742451434
PEGDM-2500,0.754207651,,,LiTFSI,1.13507378,328.15,0.598,0.5409715916900165,0.09536523128759776
PEGDM-2500,0.754207651,,,LiTFSI,1.13507378,343.15,1.08,1.018245908289188,0.057179714547048274
PEGDM-2500,0.605403983,,,LiTFSI,2.27014756,353.15,1.4400000000000002,1.447867153282224,0.005463300890433243
PEGDM-2500,0.754207651,,,LiTFSI,1.13507378,318.15,0.37,0.3432940723312043,0.07217818288863703
