Solvent 1 (S1),S1 Weight %,Solvent 2 (S2),S2 Weight %,Salt 1,Salt1 Molality (mol salt/kg polymer),Temperature (K),Conductivity_test,Conductivity_pred,error
EC,0.660770979,PC,0.245117428,LiBF4,1.104976779,233.14999999999998,0.19,0.253922429004866,0.3364338368677158
EC,0.660770979,PC,0.245117428,LiBF4,1.104976779,273.15,2.4099999999999997,2.4934130846538602,0.03461123844558529
EC,0.660770979,PC,0.245117428,LiBF4,1.104976779,313.15,6.2700000000000005,6.274704000641441,0.0007502393367529413
