Solvent 1 (S1),S1 Weight %,Solvent 2 (S2),S2 Weight %,Salt 1,Salt1 Molality (mol salt/kg polymer),Temperature (K),Conductivity_test,Conductivity_pred,error
PEGDM-1000,0.605403983,,,LiTFSI,2.27014756,338.15,1.35,1.308569611319212,0.030689176800583758
PEGDM-1000,0.754207651,,,LiTFSI,1.13507378,323.15,0.7060000000000001,0.5841665874410816,0.1725685730296295
PEGDM-1000,0.754207651,,,LiTFSI,1.13507378,338.15,1.22,1.0035349075039115,0.17743040368531843
PEGDM-1000,0.605403983,,,LiTFSI,2.27014756,353.15,2.0799999999999996,2.1469887666913676,0.032206137832388466
PEGDM-1000,0.754207651,,,LiTFSI,1.13507378,313.15,0.465,0.3956997471872351,0.14903280174788153
