Solvent 1 (S1),S1 Weight %,Solvent 2 (S2),S2 Weight %,Salt 1,Salt1 Molality (mol salt/kg polymer),Temperature (K),Conductivity_test,Conductivity_pred,error
DMC,0.653864667,EC,0.326932333,LiTDI,0.101961343,313.25301205,1.009867,1.0485288235149706,0.0382840745513721
DMC,0.664106267,EC,0.332053133,LiTDI,0.020077787,323.26820604,0.520497,0.6275654807358446,0.20570431863362254
DMC,0.641062667,EC,0.320531333,LiTDI,0.207995016,313.25301205,1.842716,1.448737559196358,0.21380312582277572
DMC,0.653864667,EC,0.326932333,LiTDI,0.101961343,323.41181696999996,1.1558460000000002,1.4939009730071275,0.2924740605644068
