Solvent 1 (S1),S1 Weight %,Solvent 2 (S2),S2 Weight %,Salt 1,Salt1 Molality (mol salt/kg polymer),Temperature (K),Conductivity_test,Conductivity_pred,error
EC,0.660770979,PC,0.245117428,LiBF4,1.104976779,233.14999999999998,0.19,0.7247096985908537,2.814261571530809
EC,0.660770979,PC,0.245117428,LiBF4,1.104976779,273.15,2.4099999999999997,2.352963699166259,0.023666514868772064
EC,0.660770979,PC,0.245117428,LiBF4,1.104976779,313.15,6.2700000000000005,5.654662090511319,0.09814001746230958
