Solvent 1 (S1),S1 Weight %,Solvent 2 (S2),S2 Weight %,Salt 1,Salt1 Molality (mol salt/kg polymer),Temperature (K),Conductivity_test,Conductivity_pred,error
PEGDME,0.992811622,,,LiPDI,0.029897843,295.04616999999996,0.02,0.020124972763351387,0.006248638167569327
PEGDME,0.992811622,,,LiPDI,0.029897843,333.23335999999995,0.058499999999999996,0.05761124473724364,0.01519239765395481
PEGDME,0.977867066,,,LiPDI,0.093461975,333.06687999999997,0.12000000000000001,0.12696635536998216,0.05805296141651791
PEGDME,0.992811622,,,LiPDI,0.029897843,323.00784999999996,0.0455,0.04454346475512419,0.021022752634633154
PEGDME,0.977867066,,,LiPDI,0.093461975,295.04616999999996,0.0436,0.04453287267883252,0.02139616235854402
