Solvent 1 (S1),S1 Weight %,Solvent 2 (S2),S2 Weight %,Salt 1,Salt1 Molality (mol salt/kg polymer),Temperature (K),Conductivity_test,Conductivity_pred,error
PEGDM-1000,0.605403983,,,LiTFSI,2.27014756,338.15,1.35,1.3268586490626593,0.017141741435067272
PEGDM-1000,0.754207651,,,LiTFSI,1.13507378,323.15,0.7060000000000001,0.554908552923898,0.21401054826643356
PEGDM-1000,0.754207651,,,LiTFSI,1.13507378,338.15,1.22,0.9402887337619317,0.22927152970333467
PEGDM-1000,0.605403983,,,LiTFSI,2.27014756,353.15,2.0799999999999996,2.1029896983768857,0.01105273960427213
PEGDM-1000,0.754207651,,,LiTFSI,1.13507378,313.15,0.465,0.4317174806665814,0.07157531039444867
