Solvent 1 (S1),S1 Weight %,Solvent 2 (S2),S2 Weight %,Salt 1,Salt1 Molality (mol salt/kg polymer),Temperature (K),Conductivity_test,Conductivity_pred,error
EC,0.196849997,PC,0.413796021,LiAsF6,3.255603565,313.15,4.22,5.097008996252979,0.20782203702677246
EC,0.244436077,PC,0.51382615,LiAsF6,1.627801788,333.15,12.73,12.572381688550754,0.012381642690435679
EC,0.658197475,PC,0.24416277,LiAsF6,0.55248839,353.15,14.52,14.719944564082763,0.01377028678255944
EC,0.278042801,PC,0.584470441,LiAsF6,0.813900891,353.15,13.379999999999999,17.52395764585786,0.3097128285394514
EC,0.658197475,PC,0.24416277,LiAsF6,0.55248839,313.15,8.24,6.825462253541899,0.17166720224006077
EC,0.196849997,PC,0.413796021,LiAsF6,3.255603565,333.15,7.779999999999999,7.6598662456407425,0.0154413566014469
EC,0.729446912,PC,0.115968526,LiAsF6,0.933624786,333.15,14.43,12.724459820077934,0.11819405266265182
