Solvent 1 (S1),S1 Weight %,Solvent 2 (S2),S2 Weight %,Salt 1,Salt1 Molality (mol salt/kg polymer),Temperature (K),Conductivity_test,Conductivity_pred,error
PEGDM-2500,0.605403983,,,LiTFSI,2.27014756,338.15,0.808,0.7177242178847254,0.11172745311296367
PEGDM-2500,0.754207651,,,LiTFSI,1.13507378,328.15,0.598,0.7776888008359298,0.3004829445416887
PEGDM-2500,0.754207651,,,LiTFSI,1.13507378,343.15,1.08,0.9531359100945835,0.1174667499124227
PEGDM-2500,0.605403983,,,LiTFSI,2.27014756,353.15,1.4400000000000002,1.001544047655286,0.30448330023938486
PEGDM-2500,0.754207651,,,LiTFSI,1.13507378,318.15,0.37,0.6711309138286817,0.8138673346721128
