Solvent 1 (S1),S1 Weight %,Solvent 2 (S2),S2 Weight %,Salt 1,Salt1 Molality (mol salt/kg polymer),Temperature (K),Conductivity_test,Conductivity_pred,error
EC,0.660770979,PC,0.245117428,LiBF4,1.104976779,233.14999999999998,0.19,0.2429080962603053,0.2784636645279226
EC,0.660770979,PC,0.245117428,LiBF4,1.104976779,273.15,2.4099999999999997,2.484304298953732,0.030831659316901308
EC,0.660770979,PC,0.245117428,LiBF4,1.104976779,313.15,6.2700000000000005,6.2851510929612315,0.0024164422585695486
