Solvent 1 (S1),S1 Weight %,Solvent 2 (S2),S2 Weight %,Salt 1,Salt1 Molality (mol salt/kg polymer),Temperature (K),Conductivity_test,Conductivity_pred,error
PEGDME,0.992811622,,,LiPDI,0.029897843,295.04616999999996,0.02,0.02012497081722535,0.006248540861267422
PEGDME,0.992811622,,,LiPDI,0.029897843,333.23335999999995,0.058499999999999996,0.05761123915219629,0.015192493124849651
PEGDME,0.977867066,,,LiPDI,0.093461975,333.06687999999997,0.12000000000000001,0.12696635128931144,0.058052927410928594
PEGDME,0.992811622,,,LiPDI,0.029897843,323.00784999999996,0.0455,0.04454346043954867,0.021022847482446823
PEGDME,0.977867066,,,LiPDI,0.093461975,295.04616999999996,0.0436,0.04453287125827589,0.021396129776969922
