Solvent 1 (S1),S1 Weight %,Solvent 2 (S2),S2 Weight %,Salt 1,Salt1 Molality (mol salt/kg polymer),Temperature (K),Conductivity_test,Conductivity_pred,error
PEGDM-1000,0.605403983,,,LiTFSI,2.27014756,338.15,1.35,1.3085825738620604,0.030679574916992323
PEGDM-1000,0.754207651,,,LiTFSI,1.13507378,323.15,0.7060000000000001,0.5841662673992726,0.17256902634663948
PEGDM-1000,0.754207651,,,LiTFSI,1.13507378,338.15,1.22,1.00353417486688,0.17743100420747537
PEGDM-1000,0.605403983,,,LiTFSI,2.27014756,353.15,2.0799999999999996,2.1470096765735667,0.03221619066036878
PEGDM-1000,0.754207651,,,LiTFSI,1.13507378,313.15,0.465,0.3956995822992819,0.1490331563456303
