Solvent 1 (S1),S1 Weight %,Solvent 2 (S2),S2 Weight %,Salt 1,Salt1 Molality (mol salt/kg polymer),Temperature (K),Conductivity_test,Conductivity_pred,error
PEGDME,0.994288122,,,LiTDI,0.029897843,295.04616999999996,0.0195,0.024729947908253953,0.26820245683353605
PEGDME,0.994288122,,,LiTDI,0.029897843,333.31111,0.0513,0.04268665851081842,0.16790139355129788
PEGDME,0.98235865,,,LiTDI,0.093461975,333.14455,0.14300000000000002,0.1370647702080741,0.04150510344004145
PEGDME,0.994288122,,,LiTDI,0.029897843,322.93483,0.0401,0.03158559961211767,0.21232918673023266
PEGDME,0.98235865,,,LiTDI,0.093461975,295.15939,0.0494,0.06983415164722814,0.4136467944783025
