Solvent 1 (S1),S1 Weight %,Solvent 2 (S2),S2 Weight %,Salt 1,Salt1 Molality (mol salt/kg polymer),Temperature (K),Conductivity_test,Conductivity_pred,error
EC,0.660770979,PC,0.245117428,LiBF4,1.104976779,233.14999999999998,0.19,0.7046549577912827,2.7087103041646454
EC,0.660770979,PC,0.245117428,LiBF4,1.104976779,273.15,2.4099999999999997,2.3614226848398845,0.02015656230710175
EC,0.660770979,PC,0.245117428,LiBF4,1.104976779,313.15,6.2700000000000005,5.702254699047173,0.09054948978513995
