Solvent 1 (S1),S1 Weight %,Solvent 2 (S2),S2 Weight %,Salt 1,Salt1 Molality (mol salt/kg polymer),Temperature (K),Conductivity_test,Conductivity_pred,error
EC,0.624536382,PC,0.231675962,LiPF6,1.104976773,243.14999999999998,0.71,0.6879647942483134,0.031035501058713527
EC,0.258429666,PC,0.543241905,LiPF6,1.627801789,263.15,1.9,2.024612665451143,0.06558561339533843
EC,0.258429666,PC,0.543241905,LiPF6,1.627801789,233.14999999999998,0.21000000000000002,0.31734516784570543,0.5111674659319305
EC,0.624536382,PC,0.231675962,LiPF6,1.104976773,213.14999999999998,0.01,-0.29902168224562,30.902168224561997
EC,0.258429666,PC,0.543241905,LiPF6,1.627801789,293.15,5.64,5.3451975757931445,0.05226993337000979
