Solvent 1 (S1),S1 Weight %,Solvent 2 (S2),S2 Weight %,Salt 1,Salt1 Molality (mol salt/kg polymer),Temperature (K),Conductivity_test,Conductivity_pred,error
EC,0.660770979,PC,0.245117428,LiBF4,1.104976779,233.14999999999998,0.19,0.7247097470703208,2.814261826685899
EC,0.660770979,PC,0.245117428,LiBF4,1.104976779,273.15,2.4099999999999997,2.3529638332930713,0.023666459214493094
EC,0.660770979,PC,0.245117428,LiBF4,1.104976779,313.15,6.2700000000000005,5.654662371201358,0.09813997269515833
