Solvent 1 (S1),S1 Weight %,Solvent 2 (S2),S2 Weight %,Salt 1,Salt1 Molality (mol salt/kg polymer),Temperature (K),Conductivity_test,Conductivity_pred,error
PEGDM-1000,0.605403983,,,LiTFSI,2.27014756,338.15,1.35,1.3085607791107723,0.030695719177205778
PEGDM-1000,0.754207651,,,LiTFSI,1.13507378,323.15,0.7060000000000001,0.5841551523960863,0.17258476997721497
PEGDM-1000,0.754207651,,,LiTFSI,1.13507378,338.15,1.22,1.0035161072907932,0.17744581369607113
PEGDM-1000,0.605403983,,,LiTFSI,2.27014756,353.15,2.0799999999999996,2.1469759277789566,0.03219996527834472
PEGDM-1000,0.754207651,,,LiTFSI,1.13507378,313.15,0.465,0.39569176181337984,0.14904997459488212
