Solvent 1 (S1),S1 Weight %,Solvent 2 (S2),S2 Weight %,Salt 1,Salt1 Molality (mol salt/kg polymer),Temperature (K),Conductivity_test,Conductivity_pred,error
PEGDME,0.994288122,,,LiTDI,0.029897843,295.04616999999996,0.0195,0.01597496654130526,0.1807709465997302
PEGDME,0.994288122,,,LiTDI,0.029897843,333.31111,0.0513,0.057664039807410396,0.1240553568695984
PEGDME,0.98235865,,,LiTDI,0.093461975,333.14455,0.14300000000000002,0.14302408839887798,0.0001684503418039432
PEGDME,0.994288122,,,LiTDI,0.029897843,322.93483,0.0401,0.042015203429351757,0.04776068402373466
PEGDME,0.98235865,,,LiTDI,0.093461975,295.15939,0.0494,0.039990164907145756,0.19048249175818308
