Solvent 1 (S1),S1 Weight %,Solvent 2 (S2),S2 Weight %,Salt 1,Salt1 Molality (mol salt/kg polymer),Temperature (K),Conductivity_test,Conductivity_pred,error
PEGDME,0.5,,,TPSB-,1.228679857,423.15,0.0187,0.019617093907999684,0.04904245497324509
PEGDME,0.5,,,TPSB-,1.228679857,353.15,0.0121,0.011381517805404907,0.0593786937681895
PEGDME,0.5,,,TPSB-,1.228679857,343.15,0.00974,0.009653123854576857,0.008919522117365875
