Solvent 1 (S1),S1 Weight %,Solvent 2 (S2),S2 Weight %,Salt 1,Salt1 Molality (mol salt/kg polymer),Temperature (K),Conductivity_test,Conductivity_pred,error
EC,0.624536382,PC,0.231675962,LiPF6,1.104976773,243.14999999999998,0.71,1.4401047572149583,1.028316559457688
EC,0.258429666,PC,0.543241905,LiPF6,1.627801789,263.15,1.9,2.37822882634635,0.2516993822875527
EC,0.258429666,PC,0.543241905,LiPF6,1.627801789,233.14999999999998,0.21000000000000002,0.8708423359229465,3.146868266299745
EC,0.624536382,PC,0.231675962,LiPF6,1.104976773,213.14999999999998,0.01,0.4384140257923967,42.84140257923967
EC,0.258429666,PC,0.543241905,LiPF6,1.627801789,293.15,5.64,5.287688504020459,0.06246657730133695
