Solvent 1 (S1),S1 Weight %,Solvent 2 (S2),S2 Weight %,Salt 1,Salt1 Molality (mol salt/kg polymer),Temperature (K),Conductivity_test,Conductivity_pred,error
EC,0.624536382,PC,0.231675962,LiPF6,1.104976773,243.14999999999998,0.71,0.5974191087715688,0.15856463553300168
EC,0.258429666,PC,0.543241905,LiPF6,1.627801789,263.15,1.9,1.982672155518788,0.04351166079936219
EC,0.258429666,PC,0.543241905,LiPF6,1.627801789,233.14999999999998,0.21000000000000002,0.1350128589644025,0.3570816239790358
EC,0.624536382,PC,0.231675962,LiPF6,1.104976773,213.14999999999998,0.01,0.1691145853007328,15.91145853007328
EC,0.258429666,PC,0.543241905,LiPF6,1.627801789,293.15,5.64,5.661730379660096,0.0038529041950524923
