Solvent 1 (S1),S1 Weight %,Solvent 2 (S2),S2 Weight %,Salt 1,Salt1 Molality (mol salt/kg polymer),Temperature (K),Conductivity_test,Conductivity_pred,error
PEGDM-400,0.605403983,,,LiTFSI,2.27014756,338.15,2.87,2.9064151826239164,0.012688216942131113
PEGDM-400,0.754207651,,,LiTFSI,1.13507378,328.15,2.3600000000000003,2.3647978758161843,0.0020329982271965934
PEGDM-400,0.754207651,,,LiTFSI,1.13507378,343.15,3.54,3.505519255426286,0.009740323325907933
PEGDM-400,0.605403983,,,LiTFSI,2.27014756,353.15,4.37,4.572118224648387,0.046251309988189146
PEGDM-400,0.754207651,,,LiTFSI,1.13507378,318.15,1.73,1.7460208967649655,0.009260633968188174
