Solvent 1 (S1),S1 Weight %,Solvent 2 (S2),S2 Weight %,Salt 1,Salt1 Molality (mol salt/kg polymer),Temperature (K),Conductivity_test,Conductivity_pred,error
EC,0.196849997,PC,0.413796021,LiAsF6,3.255603565,313.15,4.22,3.2478728792278226,0.23036187696023155
EC,0.244436077,PC,0.51382615,LiAsF6,1.627801788,333.15,12.73,12.572371540148827,0.012382439894043442
EC,0.658197475,PC,0.24416277,LiAsF6,0.55248839,353.15,14.52,14.460102954128063,0.004125140900271129
EC,0.278042801,PC,0.584470441,LiAsF6,0.813900891,353.15,13.379999999999999,17.272407727136372,0.29091238618358545
EC,0.658197475,PC,0.24416277,LiAsF6,0.55248839,313.15,8.24,7.251359992341436,0.1199805834537093
EC,0.196849997,PC,0.413796021,LiAsF6,3.255603565,333.15,7.779999999999999,6.821930310504517,0.1231452043053319
EC,0.729446912,PC,0.115968526,LiAsF6,0.933624786,333.15,14.43,13.061347195558822,0.09484773419550781
