Solvent 1 (S1),S1 Weight %,Solvent 2 (S2),S2 Weight %,Salt 1,Salt1 Molality (mol salt/kg polymer),Temperature (K),Conductivity_test,Conductivity_pred,error
PEGDME,0.5,,,TPSB-,1.228679857,423.15,0.0187,0.01751076761151623,0.06359531489218027
PEGDME,0.5,,,TPSB-,1.228679857,353.15,0.0121,0.010144515539444733,0.161610285996303
PEGDME,0.5,,,TPSB-,1.228679857,343.15,0.00974,0.009214417743350816,0.05396121731511136
