Solvent 1 (S1),S1 Weight %,Solvent 2 (S2),S2 Weight %,Salt 1,Salt1 Molality (mol salt/kg polymer),Temperature (K),Conductivity_test,Conductivity_pred,error
PEGDM-400,0.605403983,,,LiTFSI,2.27014756,338.15,2.87,2.935640996144188,0.022871427227939972
PEGDM-400,0.754207651,,,LiTFSI,1.13507378,328.15,2.3600000000000003,2.435355328872363,0.03193022409845878
PEGDM-400,0.754207651,,,LiTFSI,1.13507378,343.15,3.54,3.5432300620661272,0.0009124469113353652
PEGDM-400,0.605403983,,,LiTFSI,2.27014756,353.15,4.37,4.4338159294658,0.014603187520778096
PEGDM-400,0.754207651,,,LiTFSI,1.13507378,318.15,1.73,1.7722668163702355,0.024431685763141937
