Solvent 1 (S1),S1 Weight %,Solvent 2 (S2),S2 Weight %,Salt 1,Salt1 Molality (mol salt/kg polymer),Temperature (K),Conductivity_test,Conductivity_pred,error
EC,0.258429666,PC,0.543241905,LiPF6,1.627801789,353.15,16.88,18.548379651110658,0.09883765705631864
EC,0.624536382,PC,0.231675962,LiPF6,1.104976773,353.15,19.349999999999998,20.2290232289022,0.04542755704920942
