Solvent 1 (S1),S1 Weight %,Solvent 2 (S2),S2 Weight %,Salt 1,Salt1 Molality (mol salt/kg polymer),Temperature (K),Conductivity_test,Conductivity_pred,error
PEGDME,0.994288122,,,LiTDI,0.029897843,295.04616999999996,0.0195,0.01602806634172385,0.17804787991159737
PEGDME,0.994288122,,,LiTDI,0.029897843,333.31111,0.0513,0.05760036931002905,0.12281421656976708
PEGDME,0.98235865,,,LiTDI,0.093461975,333.14455,0.14300000000000002,0.14290440183417594,0.0006685186421264264
PEGDME,0.994288122,,,LiTDI,0.029897843,322.93483,0.0401,0.04195546610106555,0.046270975088916505
PEGDME,0.98235865,,,LiTDI,0.093461975,295.15939,0.0494,0.040132789204822446,0.18759536022626627
