Solvent 1 (S1),S1 Weight %,Solvent 2 (S2),S2 Weight %,Salt 1,Salt1 Molality (mol salt/kg polymer),Temperature (K),Conductivity_test,Conductivity_pred,error
PEGDME,0.994288122,,,LiTDI,0.029897843,295.04616999999996,0.0195,0.016028097341088433,0.17804629020059315
PEGDME,0.994288122,,,LiTDI,0.029897843,333.31111,0.0513,0.057600420726362116,0.12281521883746818
PEGDME,0.98235865,,,LiTDI,0.093461975,333.14455,0.14300000000000002,0.14290444506425926,0.0006682163338514709
PEGDME,0.994288122,,,LiTDI,0.029897843,322.93483,0.0401,0.04195551437729216,0.04627217898484203
PEGDME,0.98235865,,,LiTDI,0.093461975,295.15939,0.0494,0.040132842840053404,0.18759427449284607
