Solvent 1 (S1),S1 Weight %,Solvent 2 (S2),S2 Weight %,Salt 1,Salt1 Molality (mol salt/kg polymer),Temperature (K),Conductivity_test,Conductivity_pred,error
PEGDME,0.992811622,,,LiPDI,0.029897843,295.04616999999996,0.02,0.014060250878715014,0.2969874560642493
PEGDME,0.992811622,,,LiPDI,0.029897843,333.23335999999995,0.058499999999999996,0.024172727142612056,0.5867909890151786
PEGDME,0.977867066,,,LiPDI,0.093461975,333.06687999999997,0.12000000000000001,0.09286107434458851,0.2261577137950958
PEGDME,0.992811622,,,LiPDI,0.029897843,323.00784999999996,0.0455,0.021168231711736585,0.5347641382035915
PEGDME,0.977867066,,,LiPDI,0.093461975,295.04616999999996,0.0436,0.055259940005717746,0.26742981664490245
