Solvent 1 (S1),S1 Weight %,Solvent 2 (S2),S2 Weight %,Salt 1,Salt1 Molality (mol salt/kg polymer),Temperature (K),Conductivity_test,Conductivity_pred,error
EC,0.624536382,PC,0.231675962,LiPF6,1.104976773,243.14999999999998,0.71,1.403918102484003,0.9773494401183143
EC,0.258429666,PC,0.543241905,LiPF6,1.627801789,263.15,1.9,2.3601508182029782,0.24218464115946228
EC,0.258429666,PC,0.543241905,LiPF6,1.627801789,233.14999999999998,0.21000000000000002,0.8385098799384705,2.9929041901831925
EC,0.624536382,PC,0.231675962,LiPF6,1.104976773,213.14999999999998,0.01,0.40762659536194396,39.76265953619439
EC,0.258429666,PC,0.543241905,LiPF6,1.627801789,293.15,5.64,5.312596366798005,0.05805028957482168
