Solvent 1 (S1),S1 Weight %,Solvent 2 (S2),S2 Weight %,Salt 1,Salt1 Molality (mol salt/kg polymer),Temperature (K),Conductivity_test,Conductivity_pred,error
PEGDME,0.992811622,,,LiPDI,0.029897843,295.04616999999996,0.02,0.010244352882429033,0.4877823558785484
PEGDME,0.992811622,,,LiPDI,0.029897843,333.23335999999995,0.058499999999999996,0.0384818717692705,0.34219022616631617
PEGDME,0.977867066,,,LiPDI,0.093461975,333.06687999999997,0.12000000000000001,0.13581842882547437,0.13182024021228636
PEGDME,0.992811622,,,LiPDI,0.029897843,323.00784999999996,0.0455,0.029109906567385456,0.3602218336838361
PEGDME,0.977867066,,,LiPDI,0.093461975,295.04616999999996,0.0436,0.038954674748324314,0.10654415714852492
