Solvent 1 (S1),S1 Weight %,Solvent 2 (S2),S2 Weight %,Salt 1,Salt1 Molality (mol salt/kg polymer),Temperature (K),Conductivity_test,Conductivity_pred,error
PEGDME,0.5,,,TPSB-,1.228679857,423.15,0.0187,0.019461634313196974,0.040729107657592106
PEGDME,0.5,,,TPSB-,1.228679857,353.15,0.0121,0.011628612186510734,0.03895767053630295
PEGDME,0.5,,,TPSB-,1.228679857,343.15,0.00974,0.00990697813038964,0.017143545214542092
