Solvent 1 (S1),S1 Weight %,Solvent 2 (S2),S2 Weight %,Salt 1,Salt1 Molality (mol salt/kg polymer),Temperature (K),Conductivity_test,Conductivity_pred,error
PEGDM-1000,0.605403983,,,LiTFSI,2.27014756,338.15,1.35,1.3389459635035004,0.008188175182592385
PEGDM-1000,0.754207651,,,LiTFSI,1.13507378,323.15,0.7060000000000001,0.6444294852518736,0.08721036083304032
PEGDM-1000,0.754207651,,,LiTFSI,1.13507378,338.15,1.22,1.0639135283548689,0.12793973085666485
PEGDM-1000,0.605403983,,,LiTFSI,2.27014756,353.15,2.0799999999999996,2.0295251751728336,0.02426674270536829
PEGDM-1000,0.754207651,,,LiTFSI,1.13507378,313.15,0.465,0.41024071516688004,0.11776190286692469
