Solvent 1 (S1),S1 Weight %,Solvent 2 (S2),S2 Weight %,Salt 1,Salt1 Molality (mol salt/kg polymer),Temperature (K),Conductivity_test,Conductivity_pred,error
EC,0.660770979,PC,0.245117428,LiBF4,1.104976779,233.14999999999998,0.19,0.7247096701533491,2.814261421859732
EC,0.660770979,PC,0.245117428,LiBF4,1.104976779,273.15,2.4099999999999997,2.35296367174659,0.023666526246228167
EC,0.660770979,PC,0.245117428,LiBF4,1.104976779,313.15,6.2700000000000005,5.654662140757788,0.09814000944851876
