Solvent 1 (S1),S1 Weight %,Solvent 2 (S2),S2 Weight %,Salt 1,Salt1 Molality (mol salt/kg polymer),Temperature (K),Conductivity_test,Conductivity_pred,error
EC,0.624536382,PC,0.231675962,LiPF6,1.104976773,243.14999999999998,0.71,1.4401037635417127,1.0283151599179052
EC,0.258429666,PC,0.543241905,LiPF6,1.627801789,263.15,1.9,2.37822631571851,0.2516980609044791
EC,0.258429666,PC,0.543241905,LiPF6,1.627801789,233.14999999999998,0.21000000000000002,0.8708412696244934,3.1468631886880636
EC,0.624536382,PC,0.231675962,LiPF6,1.104976773,213.14999999999998,0.01,0.43841363569363523,42.84136356936352
EC,0.258429666,PC,0.543241905,LiPF6,1.627801789,293.15,5.64,5.287683631727014,0.06246744118315346
