Solvent 1 (S1),S1 Weight %,Solvent 2 (S2),S2 Weight %,Salt 1,Salt1 Molality (mol salt/kg polymer),Temperature (K),Conductivity_test,Conductivity_pred,error
PEGDM-1000,0.605403983,,,LiTFSI,2.27014756,338.15,1.35,1.309365538903587,0.03009960081215786
PEGDM-1000,0.754207651,,,LiTFSI,1.13507378,323.15,0.7060000000000001,0.5845802837803159,0.1719826008777396
PEGDM-1000,0.754207651,,,LiTFSI,1.13507378,338.15,1.22,1.0044496344042737,0.17668062753748054
PEGDM-1000,0.605403983,,,LiTFSI,2.27014756,353.15,2.0799999999999996,2.1446480992374157,0.031080816941065438
PEGDM-1000,0.754207651,,,LiTFSI,1.13507378,313.15,0.465,0.3954356921785698,0.14960066198157043
