Solvent 1 (S1),S1 Weight %,Solvent 2 (S2),S2 Weight %,Salt 1,Salt1 Molality (mol salt/kg polymer),Temperature (K),Conductivity_test,Conductivity_pred,error
PEGDME,0.992811622,,,LiPDI,0.029897843,295.04616999999996,0.02,0.01049469584314377,0.4752652078428115
PEGDME,0.992811622,,,LiPDI,0.029897843,333.23335999999995,0.058499999999999996,0.03897865855678882,0.3336981443283962
PEGDME,0.977867066,,,LiPDI,0.093461975,333.06687999999997,0.12000000000000001,0.13992353108661587,0.16602942572179882
PEGDME,0.992811622,,,LiPDI,0.029897843,323.00784999999996,0.0455,0.03135141379632655,0.31095793854227366
PEGDME,0.977867066,,,LiPDI,0.093461975,295.04616999999996,0.0436,0.03779370849286856,0.13317182355806054
