Solvent 1 (S1),S1 Weight %,Solvent 2 (S2),S2 Weight %,Salt 1,Salt1 Molality (mol salt/kg polymer),Temperature (K),Conductivity_test,Conductivity_pred,error
PEGDME,0.994288122,,,LiTDI,0.029897843,295.04616999999996,0.0195,0.01829133355198039,0.06198289477023649
PEGDME,0.994288122,,,LiTDI,0.029897843,333.31111,0.0513,0.03170988937126344,0.3818735015348257
PEGDME,0.98235865,,,LiTDI,0.093461975,333.14455,0.14300000000000002,0.11194889201000247,0.21714061531466816
PEGDME,0.994288122,,,LiTDI,0.029897843,322.93483,0.0401,0.027665923970278488,0.31007670897061124
PEGDME,0.98235865,,,LiTDI,0.093461975,295.15939,0.0494,0.06570730544344529,0.3301073976405929
