Solvent 1 (S1),S1 Weight %,Solvent 2 (S2),S2 Weight %,Salt 1,Salt1 Molality (mol salt/kg polymer),Temperature (K),Conductivity_test,Conductivity_pred,error
PEGDME,0.992811622,,,LiPDI,0.029897843,295.04616999999996,0.02,0.014134505316784736,0.2932747341607632
PEGDME,0.992811622,,,LiPDI,0.029897843,333.23335999999995,0.058499999999999996,0.04114089818990102,0.296736783078615
PEGDME,0.977867066,,,LiPDI,0.093461975,333.06687999999997,0.12000000000000001,0.13176897594590686,0.09807479954922377
PEGDME,0.992811622,,,LiPDI,0.029897843,323.00784999999996,0.0455,0.030830754551184752,0.32240099887506035
PEGDME,0.977867066,,,LiPDI,0.093461975,295.04616999999996,0.0436,0.0455052297854458,0.04369793085884863
