Solvent 1 (S1),S1 Weight %,Solvent 2 (S2),S2 Weight %,Salt 1,Salt1 Molality (mol salt/kg polymer),Temperature (K),Conductivity_test,Conductivity_pred,error
PEGDME,0.5,,,TPSB-,1.228679857,423.15,0.0187,0.01751067978468989,0.06360001151390966
PEGDME,0.5,,,TPSB-,1.228679857,353.15,0.0121,0.010144394692452286,0.16162027335105073
PEGDME,0.5,,,TPSB-,1.228679857,343.15,0.00974,0.009214296780887728,0.05397363645916554
