Solvent 1 (S1),S1 Weight %,Solvent 2 (S2),S2 Weight %,Salt 1,Salt1 Molality (mol salt/kg polymer),Temperature (K),Conductivity_test,Conductivity_pred,error
PEGDME,0.994288122,,,LiTDI,0.029897843,295.04616999999996,0.0195,0.012605042761768161,0.35358755067855585
PEGDME,0.994288122,,,LiTDI,0.029897843,333.31111,0.0513,0.0434123126793435,0.15375608812195904
PEGDME,0.98235865,,,LiTDI,0.093461975,333.14455,0.14300000000000002,0.15094861381158256,0.0555847119691087
PEGDME,0.994288122,,,LiTDI,0.029897843,322.93483,0.0401,0.03328171268681446,0.17003210257320547
PEGDME,0.98235865,,,LiTDI,0.093461975,295.15939,0.0494,0.040922849346555976,0.1716022399482596
