Solvent 1 (S1),S1 Weight %,Solvent 2 (S2),S2 Weight %,Salt 1,Salt1 Molality (mol salt/kg polymer),Temperature (K),Conductivity_test,Conductivity_pred,error
EC,0.660770979,PC,0.245117428,LiBF4,1.104976779,233.14999999999998,0.19,0.353455639637824,0.8602928401990737
EC,0.660770979,PC,0.245117428,LiBF4,1.104976779,273.15,2.4099999999999997,2.5069370391408086,0.04022283781776302
EC,0.660770979,PC,0.245117428,LiBF4,1.104976779,313.15,6.2700000000000005,6.0685511192574895,0.03212900809290446
