Solvent 1 (S1),S1 Weight %,Solvent 2 (S2),S2 Weight %,Salt 1,Salt1 Molality (mol salt/kg polymer),Temperature (K),Conductivity_test,Conductivity_pred,error
PEGDME,0.5,,,TPSB-,1.228679857,423.15,0.0187,0.018790340112195318,0.004831022042530309
PEGDME,0.5,,,TPSB-,1.228679857,353.15,0.0121,0.0122250723263718,0.010336555898495848
PEGDME,0.5,,,TPSB-,1.228679857,343.15,0.00974,0.010568332758828052,0.08504443109117575
