Solvent 1 (S1),S1 Weight %,Solvent 2 (S2),S2 Weight %,Salt 1,Salt1 Molality (mol salt/kg polymer),Temperature (K),Conductivity_test,Conductivity_pred,error
PEGDME,0.994288122,,,LiTDI,0.029897843,295.04616999999996,0.0195,0.035755192497392216,0.8335996152508829
PEGDME,0.994288122,,,LiTDI,0.029897843,333.31111,0.0513,0.07710071783649824,0.502937969522383
PEGDME,0.98235865,,,LiTDI,0.093461975,333.14455,0.14300000000000002,0.1315848740659272,0.07982605548302668
PEGDME,0.994288122,,,LiTDI,0.029897843,322.93483,0.0401,0.06574855185061121,0.6396147593668632
PEGDME,0.98235865,,,LiTDI,0.093461975,295.15939,0.0494,0.051036810811632236,0.033133822097818545
