Solvent 1 (S1),S1 Weight %,Solvent 2 (S2),S2 Weight %,Salt 1,Salt1 Molality (mol salt/kg polymer),Temperature (K),Conductivity_test,Conductivity_pred,error
PEGDM-400,0.605403983,,,LiTFSI,2.27014756,338.15,2.87,2.8443184624027924,0.008948270939793624
PEGDM-400,0.754207651,,,LiTFSI,1.13507378,328.15,2.3600000000000003,2.2134376524233654,0.06210268965111647
PEGDM-400,0.754207651,,,LiTFSI,1.13507378,343.15,3.54,3.4874329685097636,0.014849443923795606
PEGDM-400,0.605403983,,,LiTFSI,2.27014756,353.15,4.37,4.366691978328868,0.0007569843641034527
PEGDM-400,0.754207651,,,LiTFSI,1.13507378,318.15,1.73,1.5962412200445355,0.0773172138470893
