Solvent 1 (S1),S1 Weight %,Solvent 2 (S2),S2 Weight %,Salt 1,Salt1 Molality (mol salt/kg polymer),Temperature (K),Conductivity_test,Conductivity_pred,error
PEGDM-1000,0.605403983,,,LiTFSI,2.27014756,338.15,1.35,1.3085714049113712,0.03068784821379914
PEGDM-1000,0.754207651,,,LiTFSI,1.13507378,323.15,0.7060000000000001,0.5841646320524639,0.17257134270189253
PEGDM-1000,0.754207651,,,LiTFSI,1.13507378,338.15,1.22,1.003533745250176,0.17743135635231472
PEGDM-1000,0.605403983,,,LiTFSI,2.27014756,353.15,2.0799999999999996,2.1469960103003496,0.03220962033670672
PEGDM-1000,0.754207651,,,LiTFSI,1.13507378,313.15,0.465,0.3956977990550385,0.14903699127948716
