Solvent 1 (S1),S1 Weight %,Solvent 2 (S2),S2 Weight %,Salt 1,Salt1 Molality (mol salt/kg polymer),Temperature (K),Conductivity_test,Conductivity_pred,error
DMC,0.653864667,EC,0.326932333,LiTDI,0.101961343,313.25301205,1.009867,1.3470357626487175,0.3338744237099711
DMC,0.664106267,EC,0.332053133,LiTDI,0.020077787,323.26820604,0.520497,0.3795611524345275,0.2707716808463305
DMC,0.641062667,EC,0.320531333,LiTDI,0.207995016,313.25301205,1.842716,2.0209484505026527,0.0967226911269304
DMC,0.653864667,EC,0.326932333,LiTDI,0.101961343,323.41181696999996,1.1558460000000002,1.5719713226971839,0.36001796320373447
