Solvent 1 (S1),S1 Weight %,Solvent 2 (S2),S2 Weight %,Salt 1,Salt1 Molality (mol salt/kg polymer),Temperature (K),Conductivity_test,Conductivity_pred,error
PEGDME,0.994288122,,,LiTDI,0.029897843,295.04616999999996,0.0195,0.009034360434706838,0.5366994648868288
PEGDME,0.994288122,,,LiTDI,0.029897843,333.31111,0.0513,0.04269949304481086,0.16765120770349196
PEGDME,0.98235865,,,LiTDI,0.093461975,333.14455,0.14300000000000002,0.15614138834198502,0.09189782057332167
PEGDME,0.994288122,,,LiTDI,0.029897843,322.93483,0.0401,0.03357053996250141,0.16282942736904213
PEGDME,0.98235865,,,LiTDI,0.093461975,295.15939,0.0494,0.033515670191440805,0.3215451378250849
