Solvent 1 (S1),S1 Weight %,Solvent 2 (S2),S2 Weight %,Salt 1,Salt1 Molality (mol salt/kg polymer),Temperature (K),Conductivity_test,Conductivity_pred,error
PEGDME,0.992811622,,,LiPDI,0.029897843,295.04616999999996,0.02,0.014455886265106641,0.27720568674466795
PEGDME,0.992811622,,,LiPDI,0.029897843,333.23335999999995,0.058499999999999996,0.041392156835702396,0.2924417634922667
PEGDME,0.977867066,,,LiPDI,0.093461975,333.06687999999997,0.12000000000000001,0.13367832805344806,0.11398606711206712
PEGDME,0.992811622,,,LiPDI,0.029897843,323.00784999999996,0.0455,0.032001475083941765,0.29667087727600516
PEGDME,0.977867066,,,LiPDI,0.093461975,295.04616999999996,0.0436,0.04687616535645387,0.0751414072581163
