Solvent 1 (S1),S1 Weight %,Solvent 2 (S2),S2 Weight %,Salt 1,Salt1 Molality (mol salt/kg polymer),Temperature (K),Conductivity_test,Conductivity_pred,error
EC,0.196849997,PC,0.413796021,LiAsF6,3.255603565,313.15,4.22,5.862729342310684,0.3892723559977924
EC,0.244436077,PC,0.51382615,LiAsF6,1.627801788,333.15,12.73,11.868653169619694,0.06766275179735318
EC,0.658197475,PC,0.24416277,LiAsF6,0.55248839,353.15,14.52,14.704910722221053,0.012734898224590434
EC,0.278042801,PC,0.584470441,LiAsF6,0.813900891,353.15,13.379999999999999,18.050802160306173,0.3490883527882043
EC,0.658197475,PC,0.24416277,LiAsF6,0.55248839,313.15,8.24,6.852117937097404,0.1684322891872083
EC,0.196849997,PC,0.413796021,LiAsF6,3.255603565,333.15,7.779999999999999,8.787659654904687,0.12951923584893152
EC,0.729446912,PC,0.115968526,LiAsF6,0.933624786,333.15,14.43,13.11038327560954,0.09144953044978936
