Solvent 1 (S1),S1 Weight %,Solvent 2 (S2),S2 Weight %,Salt 1,Salt1 Molality (mol salt/kg polymer),Temperature (K),Conductivity_test,Conductivity_pred,error
PEGDME,0.5,,,TPSB-,1.228679857,423.15,0.0187,0.01762304413346624,0.0575912228092921
PEGDME,0.5,,,TPSB-,1.228679857,353.15,0.0121,0.0102198161095534,0.15538709838401646
PEGDME,0.5,,,TPSB-,1.228679857,343.15,0.00974,0.009255433759958754,0.04975012731429631
