Solvent 1 (S1),S1 Weight %,Solvent 2 (S2),S2 Weight %,Salt 1,Salt1 Molality (mol salt/kg polymer),Temperature (K),Conductivity_test,Conductivity_pred,error
PEGDME,0.992811622,,,LiPDI,0.029897843,295.04616999999996,0.02,0.020072343394785922,0.003617169739296086
PEGDME,0.992811622,,,LiPDI,0.029897843,333.23335999999995,0.058499999999999996,0.05767610877095633,0.014083610752883183
PEGDME,0.977867066,,,LiPDI,0.093461975,333.06687999999997,0.12000000000000001,0.12706261945053562,0.058855162087796786
PEGDME,0.992811622,,,LiPDI,0.029897843,323.00784999999996,0.0455,0.04461506954405404,0.019449021009801334
PEGDME,0.977867066,,,LiPDI,0.093461975,295.04616999999996,0.0436,0.044399424045650594,0.01833541389106868
