Solvent 1 (S1),S1 Weight %,Solvent 2 (S2),S2 Weight %,Salt 1,Salt1 Molality (mol salt/kg polymer),Temperature (K),Conductivity_test,Conductivity_pred,error
EC,0.196849997,PC,0.413796021,LiAsF6,3.255603565,313.15,4.22,4.8590366050788525,0.1514304751371689
EC,0.244436077,PC,0.51382615,LiAsF6,1.627801788,333.15,12.73,12.719465414479144,0.0008275401037593488
EC,0.658197475,PC,0.24416277,LiAsF6,0.55248839,353.15,14.52,16.002674795555272,0.10211258922556975
EC,0.278042801,PC,0.584470441,LiAsF6,0.813900891,353.15,13.379999999999999,17.764535683635696,0.32769324989803417
EC,0.658197475,PC,0.24416277,LiAsF6,0.55248839,313.15,8.24,7.285847273075615,0.11579523385004675
EC,0.196849997,PC,0.413796021,LiAsF6,3.255603565,333.15,7.779999999999999,7.765725515713171,0.0018347666178443137
EC,0.729446912,PC,0.115968526,LiAsF6,0.933624786,333.15,14.43,13.201862636646942,0.08511000439037132
