Solvent 1 (S1),S1 Weight %,Solvent 2 (S2),S2 Weight %,Salt 1,Salt1 Molality (mol salt/kg polymer),Temperature (K),Conductivity_test,Conductivity_pred,error
PEGDME,0.5,,,TPSB-,1.228679857,423.15,0.0187,0.01798017414816294,0.0384933610608055
PEGDME,0.5,,,TPSB-,1.228679857,353.15,0.0121,0.010163518998795508,0.16003975216566046
PEGDME,0.5,,,TPSB-,1.228679857,343.15,0.00974,0.009046853940712944,0.07116489315062181
