Solvent 1 (S1),S1 Weight %,Solvent 2 (S2),S2 Weight %,Salt 1,Salt1 Molality (mol salt/kg polymer),Temperature (K),Conductivity_test,Conductivity_pred,error
PEGDME,0.992811622,,,LiPDI,0.029897843,295.04616999999996,0.02,0.020124972191206004,0.0062486095603001696
PEGDME,0.992811622,,,LiPDI,0.029897843,333.23335999999995,0.058499999999999996,0.057611237969451466,0.01519251334270992
PEGDME,0.977867066,,,LiPDI,0.093461975,333.06687999999997,0.12000000000000001,0.12696635311276838,0.0580529426064031
PEGDME,0.992811622,,,LiPDI,0.029897843,323.00784999999996,0.0455,0.04454346049258399,0.021022846316835413
PEGDME,0.977867066,,,LiPDI,0.093461975,295.04616999999996,0.0436,0.04453287583718927,0.021396234797919012
