Solvent 1 (S1),S1 Weight %,Solvent 2 (S2),S2 Weight %,Salt 1,Salt1 Molality (mol salt/kg polymer),Temperature (K),Conductivity_test,Conductivity_pred,error
PEGDM-2500,0.605403983,,,LiTFSI,2.27014756,338.15,0.808,0.7974838971206496,0.013014978811077292
PEGDM-2500,0.754207651,,,LiTFSI,1.13507378,328.15,0.598,0.5409715565553803,0.09536529004117
PEGDM-2500,0.754207651,,,LiTFSI,1.13507378,343.15,1.08,1.0182461407806043,0.05717949927721833
PEGDM-2500,0.605403983,,,LiTFSI,2.27014756,353.15,1.4400000000000002,1.447869283124041,0.005464779947250542
PEGDM-2500,0.754207651,,,LiTFSI,1.13507378,318.15,0.37,0.34329397764184105,0.07217843880583498
