Solvent 1 (S1),S1 Weight %,Solvent 2 (S2),S2 Weight %,Salt 1,Salt1 Molality (mol salt/kg polymer),Temperature (K),Conductivity_test,Conductivity_pred,error
PEGDME,0.994288122,,,LiTDI,0.029897843,295.04616999999996,0.0195,0.016028092922828453,0.17804651677802805
PEGDME,0.994288122,,,LiTDI,0.029897843,333.31111,0.0513,0.05760041060164001,0.12281502147446423
PEGDME,0.98235865,,,LiTDI,0.093461975,333.14455,0.14300000000000002,0.14290444274493763,0.0006682325528838041
PEGDME,0.994288122,,,LiTDI,0.029897843,322.93483,0.0401,0.04195550596432905,0.04627196918526321
PEGDME,0.98235865,,,LiTDI,0.093461975,295.15939,0.0494,0.04013283820899863,0.18759436823889417
