Solvent 1 (S1),S1 Weight %,Solvent 2 (S2),S2 Weight %,Salt 1,Salt1 Molality (mol salt/kg polymer),Temperature (K),Conductivity_test,Conductivity_pred,error
PEGDM-2500,0.605403983,,,LiTFSI,2.27014756,338.15,0.808,0.7979575597937614,0.012428762631483512
PEGDM-2500,0.754207651,,,LiTFSI,1.13507378,328.15,0.598,0.5414769932253807,0.09452007821842692
PEGDM-2500,0.754207651,,,LiTFSI,1.13507378,343.15,1.08,1.0189458898877066,0.05653158343730874
PEGDM-2500,0.605403983,,,LiTFSI,2.27014756,353.15,1.4400000000000002,1.4465732274112943,0.00456474125784318
PEGDM-2500,0.754207651,,,LiTFSI,1.13507378,318.15,0.37,0.3432664696439967,0.07225278474595483
