Solvent 1 (S1),S1 Weight %,Solvent 2 (S2),S2 Weight %,Salt 1,Salt1 Molality (mol salt/kg polymer),Temperature (K),Conductivity_test,Conductivity_pred,error
DMC,0.653864667,EC,0.326932333,LiTDI,0.101961343,313.25301205,1.009867,1.4620877859474388,0.44780232045154333
DMC,0.664106267,EC,0.332053133,LiTDI,0.020077787,323.26820604,0.520497,0.5165951354083018,0.007496420904823981
DMC,0.641062667,EC,0.320531333,LiTDI,0.207995016,313.25301205,1.842716,1.836118296111578,0.003580423618409976
DMC,0.653864667,EC,0.326932333,LiTDI,0.101961343,323.41181696999996,1.1558460000000002,1.7542590013760022,0.5177272762772912
