Solvent 1 (S1),S1 Weight %,Solvent 2 (S2),S2 Weight %,Salt 1,Salt1 Molality (mol salt/kg polymer),Temperature (K),Conductivity_test,Conductivity_pred,error
PEGDM-2500,0.605403983,,,LiTFSI,2.27014756,338.15,0.808,0.8119083573002094,0.004837075866595706
PEGDM-2500,0.754207651,,,LiTFSI,1.13507378,328.15,0.598,0.6020938829219495,0.006845958063460812
PEGDM-2500,0.754207651,,,LiTFSI,1.13507378,343.15,1.08,1.0494638683213235,0.028274195998774558
PEGDM-2500,0.605403983,,,LiTFSI,2.27014756,353.15,1.4400000000000002,1.4914689978052078,0.03574235958694975
PEGDM-2500,0.754207651,,,LiTFSI,1.13507378,318.15,0.37,0.38289989385446954,0.034864577985052825
