Solvent 1 (S1),S1 Weight %,Solvent 2 (S2),S2 Weight %,Salt 1,Salt1 Molality (mol salt/kg polymer),Temperature (K),Conductivity_test,Conductivity_pred,error
PEGDM-400,0.605403983,,,LiTFSI,2.27014756,338.15,2.87,2.8443357438697214,0.008942249522745182
PEGDM-400,0.754207651,,,LiTFSI,1.13507378,328.15,2.3600000000000003,2.213437814939235,0.062102620788459836
PEGDM-400,0.754207651,,,LiTFSI,1.13507378,343.15,3.54,3.48743341164136,0.014849318745378572
PEGDM-400,0.605403983,,,LiTFSI,2.27014756,353.15,4.37,4.366718730289017,0.0007508626340921621
PEGDM-400,0.754207651,,,LiTFSI,1.13507378,318.15,1.73,1.5962412756740516,0.07731718169129964
