Solvent 1 (S1),S1 Weight %,Solvent 2 (S2),S2 Weight %,Salt 1,Salt1 Molality (mol salt/kg polymer),Temperature (K),Conductivity_test,Conductivity_pred,error
PEGDME,0.5,,,TPSB-,1.228679857,423.15,0.0187,0.01751048337290714,0.0636105148178001
PEGDME,0.5,,,TPSB-,1.228679857,353.15,0.0121,0.010144313614595954,0.16162697400033432
PEGDME,0.5,,,TPSB-,1.228679857,343.15,0.00974,0.009214228370459224,0.05398066011712286
