Solvent 1 (S1),S1 Weight %,Solvent 2 (S2),S2 Weight %,Salt 1,Salt1 Molality (mol salt/kg polymer),Temperature (K),Conductivity_test,Conductivity_pred,error
EC,0.196849997,PC,0.413796021,LiAsF6,3.255603565,313.15,4.22,4.67052290352877,0.10675898187885553
EC,0.244436077,PC,0.51382615,LiAsF6,1.627801788,333.15,12.73,13.048402934810412,0.025012013732161126
EC,0.658197475,PC,0.24416277,LiAsF6,0.55248839,353.15,14.52,12.779734093601785,0.11985302385662633
EC,0.278042801,PC,0.584470441,LiAsF6,0.813900891,353.15,13.379999999999999,16.062764769403877,0.20050558814677716
EC,0.658197475,PC,0.24416277,LiAsF6,0.55248839,313.15,8.24,7.244661983064432,0.12079344865722912
EC,0.196849997,PC,0.413796021,LiAsF6,3.255603565,333.15,7.779999999999999,7.195556921740078,0.07512121828533695
EC,0.729446912,PC,0.115968526,LiAsF6,0.933624786,333.15,14.43,12.83986746046168,0.1101962951863008
