Solvent 1 (S1),S1 Weight %,Solvent 2 (S2),S2 Weight %,Salt 1,Salt1 Molality (mol salt/kg polymer),Temperature (K),Conductivity_test,Conductivity_pred,error
EC,0.196849997,PC,0.413796021,LiAsF6,3.255603565,313.15,4.22,5.27089750497951,0.24902784478187456
EC,0.244436077,PC,0.51382615,LiAsF6,1.627801788,333.15,12.73,11.762616558258951,0.07599241490503134
EC,0.658197475,PC,0.24416277,LiAsF6,0.55248839,353.15,14.52,14.70850622736422,0.012982522545745192
EC,0.278042801,PC,0.584470441,LiAsF6,0.813900891,353.15,13.379999999999999,18.308714714668167,0.36836432845053574
EC,0.658197475,PC,0.24416277,LiAsF6,0.55248839,313.15,8.24,6.778723766909641,0.17733934867601447
EC,0.196849997,PC,0.413796021,LiAsF6,3.255603565,333.15,7.779999999999999,7.946814218774579,0.021441416294933083
EC,0.729446912,PC,0.115968526,LiAsF6,0.933624786,333.15,14.43,13.161043675505846,0.08793876122620607
