Solvent 1 (S1),S1 Weight %,Solvent 2 (S2),S2 Weight %,Salt 1,Salt1 Molality (mol salt/kg polymer),Temperature (K),Conductivity_test,Conductivity_pred,error
PEGDM-400,0.605403983,,,LiTFSI,2.27014756,338.15,2.87,2.844338886792643,0.008941154427650592
PEGDM-400,0.754207651,,,LiTFSI,1.13507378,328.15,2.3600000000000003,2.2134367625546423,0.06210306671413476
PEGDM-400,0.754207651,,,LiTFSI,1.13507378,343.15,3.54,3.4874327616676957,0.014849502353758296
PEGDM-400,0.605403983,,,LiTFSI,2.27014756,353.15,4.37,4.3667247457092415,0.0007494861077250776
PEGDM-400,0.754207651,,,LiTFSI,1.13507378,318.15,1.73,1.5962401849403323,0.07731781217321834
