Solvent 1 (S1),S1 Weight %,Solvent 2 (S2),S2 Weight %,Salt 1,Salt1 Molality (mol salt/kg polymer),Temperature (K),Conductivity_test,Conductivity_pred,error
PEGDM-400,0.605403983,,,LiTFSI,2.27014756,338.15,2.87,2.9061522585156587,0.012596605754584884
PEGDM-400,0.754207651,,,LiTFSI,1.13507378,328.15,2.3600000000000003,2.365596068107696,0.0023712152998710337
PEGDM-400,0.754207651,,,LiTFSI,1.13507378,343.15,3.54,3.505958458213867,0.009616254741845496
PEGDM-400,0.605403983,,,LiTFSI,2.27014756,353.15,4.37,4.5731253460202534,0.046481772544680396
PEGDM-400,0.754207651,,,LiTFSI,1.13507378,318.15,1.73,1.7463307396174124,0.00943973388289733
