Solvent 1 (S1),S1 Weight %,Solvent 2 (S2),S2 Weight %,Salt 1,Salt1 Molality (mol salt/kg polymer),Temperature (K),Conductivity_test,Conductivity_pred,error
EC,0.624536382,PC,0.231675962,LiPF6,1.104976773,243.14999999999998,0.71,0.7126205925607878,0.0036909754377293493
EC,0.258429666,PC,0.543241905,LiPF6,1.627801789,263.15,1.9,1.961338313475004,0.03228332288158109
EC,0.258429666,PC,0.543241905,LiPF6,1.627801789,233.14999999999998,0.21000000000000002,0.10547786448191598,0.4977244548480192
EC,0.624536382,PC,0.231675962,LiPF6,1.104976773,213.14999999999998,0.01,0.0589125671184996,4.89125671184996
EC,0.258429666,PC,0.543241905,LiPF6,1.627801789,293.15,5.64,5.708963089310111,0.012227498104629683
