Solvent 1 (S1),S1 Weight %,Solvent 2 (S2),S2 Weight %,Salt 1,Salt1 Molality (mol salt/kg polymer),Temperature (K),Conductivity_test,Conductivity_pred,error
EC,0.660770979,PC,0.245117428,LiBF4,1.104976779,233.14999999999998,0.19,0.7247096913538399,2.8142615334412624
EC,0.660770979,PC,0.245117428,LiBF4,1.104976779,273.15,2.4099999999999997,2.3529636796810127,0.02366652295393651
EC,0.660770979,PC,0.245117428,LiBF4,1.104976779,313.15,6.2700000000000005,5.654662050862116,0.09814002378594641
