Solvent 1 (S1),S1 Weight %,Solvent 2 (S2),S2 Weight %,Salt 1,Salt1 Molality (mol salt/kg polymer),Temperature (K),Conductivity_test,Conductivity_pred,error
PEGDM-400,0.605403983,,,LiTFSI,2.27014756,338.15,2.87,2.6988344417173185,0.059639567345882105
PEGDM-400,0.754207651,,,LiTFSI,1.13507378,328.15,2.3600000000000003,2.6801604222033473,0.13566119584887582
PEGDM-400,0.754207651,,,LiTFSI,1.13507378,343.15,3.54,3.2926215677645927,0.06988091306084954
PEGDM-400,0.605403983,,,LiTFSI,2.27014756,353.15,4.37,3.6757609291306403,0.15886477594264525
PEGDM-400,0.754207651,,,LiTFSI,1.13507378,318.15,1.73,2.309068560441046,0.3347217112375988
