Solvent 1 (S1),S1 Weight %,Solvent 2 (S2),S2 Weight %,Salt 1,Salt1 Molality (mol salt/kg polymer),Temperature (K),Conductivity_test,Conductivity_pred,error
EC,0.196849997,PC,0.413796021,LiAsF6,3.255603565,313.15,4.22,3.1218939573608937,0.26021470204718156
EC,0.244436077,PC,0.51382615,LiAsF6,1.627801788,333.15,12.73,12.444201527124445,0.022450783415204664
EC,0.658197475,PC,0.24416277,LiAsF6,0.55248839,353.15,14.52,14.574407132276217,0.003747047677425472
EC,0.278042801,PC,0.584470441,LiAsF6,0.813900891,353.15,13.379999999999999,17.386245846993955,0.29942046689043017
EC,0.658197475,PC,0.24416277,LiAsF6,0.55248839,313.15,8.24,7.343446902159786,0.10880498760196773
EC,0.196849997,PC,0.413796021,LiAsF6,3.255603565,333.15,7.779999999999999,7.010606764894772,0.09889373201866682
EC,0.729446912,PC,0.115968526,LiAsF6,0.933624786,333.15,14.43,12.881261283913055,0.10732770035252562
