Solvent 1 (S1),S1 Weight %,Solvent 2 (S2),S2 Weight %,Salt 1,Salt1 Molality (mol salt/kg polymer),Temperature (K),Conductivity_test,Conductivity_pred,error
EC,0.660770979,PC,0.245117428,LiBF4,1.104976779,233.14999999999998,0.19,0.24248021219245275,0.27621164311817237
EC,0.660770979,PC,0.245117428,LiBF4,1.104976779,273.15,2.4099999999999997,2.4925274474980084,0.03424375414855132
EC,0.660770979,PC,0.245117428,LiBF4,1.104976779,313.15,6.2700000000000005,6.273714949389202,0.0005924959153431374
